,H1Agriculture,H2Mining and construction,H3Food processing,H4Other manufacturing,H5Transportation,H6Information,H7Utilities,H8Wholesale trade,H9Retail trade,H10Finance and insurance,H11Real estate and rentals,H12Professional services,H13Business services,H14Educational services,H15Health services,H16Arts and entertainment,H17Hotels ,H18Eating and drinking,H19Other services,H20Government,O1Agriculture,O2Mining and construction,O3Food processing,O4Other manufacturing,O5Transportation,O6Information,O7Utilities,O8Wholesale trade,O9Retail trade,O10Finance and insurance,O11Real estate and rentals,O12Professional services,O13Business services,O14Educational services,O15Health services,O16Arts and entertainment,O17Hotels ,O18Eating and drinking,O19Other services,O20Government,K1Agriculture,K2Mining and construction,K3Food processing,K4Other manufacturing,K5Transportation,K6Information,K7Utilities,K8Wholesale trade,K9Retail trade,K10Finance and insurance,K11Real estate and rentals,K12Professional services,K13Business services,K14Educational services,K15Health services,K16Arts and entertainment,K17Hotels ,K18Eating and drinking,K19Other services,K20Government,M1Agriculture,M2Mining and construction,M3Food processing,M4Other manufacturing,M5Transportation,M6Information,M7Utilities,M8Wholesale trade,M9Retail trade,M10Finance and insurance,M11Real estate and rentals,M12Professional services,M13Business services,M14Educational services,M15Health services,M16Arts and entertainment,M17Hotels ,M18Eating and drinking,M19Other services,M20government enterprises
H1Agriculture,15.085,0.813,0.358,0.917,1.527,0.354,1.799,2.018,0.501,0.504,5.667,0.555,0.85,0.055,0.025,0.01,0.189,0.083,2.901,1.699,0.113,0.159,3.669,16.373,1.346,0.222,0.566,2.312,0.445,0.987,0.737,0.659,1.068,0.059,-0.003,0.002,0.081,0.312,0.179,0.456,0.006,0.012,0.022,0.033,0.018,0.019,0.011,0.118,0.01,0.007,0.007,0.058,0.022,0.004,0.007,0.002,0.09,0.011,0.005,0.021,0.054,0.01,0.083,0.2,0.122,0.013,0.012,0.237,0.013,0.015,0.022,0.036,0.069,0.001,0,0,0.247,0.025,0.029,0.028
H2Mining and construction,0.157,0.333,0.023,0.381,0.782,0.557,1.143,1.663,3.771,0.47,4.228,5.196,1.038,0.086,0.031,0.009,0.257,0.232,1.213,2.899,0.02,0.08,0.144,6.801,0.723,0.18,0.272,2.377,0.549,0.569,0.608,1.651,0.727,0.056,-0.001,0.004,0.098,0.341,0.104,0.254,0.002,0.01,0.01,0.024,0.009,0.02,0.011,0.102,0.008,0.008,0.016,0.162,0.029,0.002,0.003,0.002,0.112,0.02,0.01,0.02,0.008,0.014,0.006,0.152,0.061,0.016,0.016,0.187,0.013,0.01,0.023,0.07,0.074,0.001,0,0,0.29,0.029,0.026,0.024
H3Food processing,17.768,1.372,3.098,0.78,1.594,0.802,4.947,3.035,1.048,0.844,5.815,2.142,6.025,0.302,0.047,0.022,0.633,0.675,3.095,1.254,1.255,0.193,4.243,9.94,1.155,0.253,0.549,2.95,0.726,0.749,0.902,1.327,1.753,0.077,-0.007,0.011,0.257,0.912,0.178,0.429,0.202,0.036,0.189,0.021,0.014,0.039,0.036,0.185,0.025,0.019,0.04,0.144,0.12,0.008,0.015,0.005,0.266,0.049,0.021,0.056,0.697,0.035,0.35,0.126,0.127,0.029,0.04,0.367,0.026,0.033,0.075,0.079,0.229,0.002,0,0.001,0.737,0.079,0.066,0.06
H4Other manufacturing,1.368,0.416,2.569,0.675,1.778,0.841,2.197,1.826,1.123,0.563,3.375,1.597,2.306,0.24,0.05,0.018,0.37,0.289,2.297,0.809,0.156,0.167,4.514,12.675,1.382,0.233,0.527,1.321,0.609,0.596,0.695,0.984,1.297,0.092,-0.006,0.003,0.155,0.507,0.156,0.405,0.013,0.021,0.037,0.024,0.017,0.032,0.018,0.103,0.017,0.009,0.009,0.099,0.038,0.006,0.013,0.003,0.161,0.019,0.006,0.032,0.056,0.014,0.027,0.15,0.127,0.021,0.016,0.223,0.011,0.022,0.029,0.05,0.096,0.001,0,0,0.448,0.044,0.035,0.032
H5Transportation,0.066,1.577,0.054,0.505,2.501,0.67,0.592,0.966,0.338,0.622,3.273,1.295,3.286,0.596,0.489,0.014,0.184,0.497,2.192,4.988,0.04,0.126,0.379,13.484,2.288,0.222,0.44,1.54,0.282,0.834,0.681,1.099,1.514,0.149,-0.003,-0.001,0.075,0.666,0.146,0.433,0.004,0.011,0.022,0.035,0.027,0.022,0.01,0.058,0.009,0.006,0.01,0.085,0.061,0.003,0.006,0.002,0.081,0.033,0.007,0.021,0.015,0.012,0.012,0.225,0.164,0.016,0.013,0.124,0.013,0.012,0.022,0.043,0.11,0.001,0,0,0.219,0.052,0.026,0.029
H6Information,0.081,0.511,0.09,0.17,0.48,5.398,2.194,0.661,1.593,1.353,3.517,2.521,1.23,1.689,4.986,0.888,0.412,0.599,2.634,2.043,0.038,0.092,0.472,4.09,0.784,0.598,0.232,0.712,0.463,1.009,0.582,1.959,0.793,0.221,-0.005,-0.009,0.162,0.586,0.087,0.218,0.005,0.019,0.031,0.005,0.004,0.092,0.017,0.033,0.016,0.009,0.013,0.15,0.031,0.006,0.019,0.005,0.162,0.029,0.007,0.029,0.019,0.012,0.016,0.041,0.05,0.05,0.014,0.092,0.007,0.019,0.025,0.066,0.073,0.001,0.004,0.006,0.453,0.053,0.027,0.023
H7Utilities,0.042,2.603,0.051,1.265,0.954,0.193,0.317,0.271,0.608,0.554,0.813,1.082,0.864,0.999,0.014,0.006,0.455,0.151,0.278,0.528,0.063,0.148,0.198,35.51,0.655,0.248,0.779,1.367,0.502,0.64,0.821,0.959,1.159,0.236,-0.002,0.001,0.174,0.413,0.235,0.581,0.002,0.012,0.014,0.081,0.004,0.015,0.014,0.024,0.007,0.008,0.012,0.065,0.025,0.002,0.004,0.003,0.203,0.015,0.007,0.019,0.015,0.024,0.009,0.527,0.066,0.018,0.028,0.071,0.022,0.014,0.033,0.044,0.099,0.001,0,0,0.526,0.03,0.039,0.034
H8Wholesale trade,0.09,0.427,0.053,0.389,0.534,2.389,2.623,1.335,0.855,1.155,4.314,2.166,4.295,0.114,0.121,0.031,0.566,0.445,3.016,1.21,0.032,0.095,0.396,6.108,0.542,0.307,0.273,1.832,0.436,0.838,0.62,1.645,1.532,0.2,-0.003,-0.006,0.215,0.566,0.106,0.248,0.004,0.017,0.023,0.015,0.005,0.043,0.018,0.08,0.012,0.01,0.019,0.126,0.078,0.004,0.007,0.004,0.23,0.031,0.011,0.028,0.014,0.025,0.01,0.089,0.055,0.032,0.028,0.162,0.015,0.018,0.038,0.069,0.161,0.001,0,0.001,0.627,0.05,0.038,0.035
H9Retail trade,0.037,0.47,0.021,0.204,0.33,1.033,3.216,0.232,0.871,0.865,8.405,1.306,1.809,0.081,0.053,0.013,0.356,0.227,1.266,1.256,0.015,0.05,0.148,4.617,0.298,0.166,0.166,0.399,0.308,0.486,0.338,0.979,0.875,0.095,-0.001,-0.001,0.115,0.287,0.059,0.138,0.002,0.008,0.009,0.009,0.004,0.02,0.009,0.016,0.005,0.005,0.011,0.07,0.048,0.001,0.002,0.002,0.125,0.017,0.006,0.013,0.007,0.014,0.006,0.064,0.03,0.017,0.016,0.036,0.008,0.008,0.02,0.036,0.092,0.001,0,0,0.334,0.025,0.019,0.019
H10Finance and insurance,0.038,0.389,0.014,0.128,0.334,1.425,1.292,0.147,0.262,5.228,3.87,3.334,1.932,0.884,0.073,0.024,1.53,0.368,1.772,1.046,0.024,0.105,0.101,1.962,0.45,0.383,0.181,0.378,0.167,5.118,0.781,1.965,0.791,0.137,-0.005,-0.009,0.182,0.455,0.125,0.263,0.003,0.018,0.021,0.004,0.004,0.036,0.016,0.003,0.013,0.011,0.01,0.138,0.026,0.005,0.01,0.003,0.191,0.02,0.006,0.026,0.012,0.015,0.007,0.03,0.04,0.022,0.016,0.036,0.005,0.021,0.025,0.067,0.071,0.001,0,0.001,0.526,0.038,0.025,0.022
H11Real estate and rentals,0.052,0.269,0.002,0.028,0.068,0.095,0.233,0.063,0.152,0.291,0.956,0.31,0.288,0.029,0.005,0.003,0.114,0.035,1.288,0.263,0.003,0.01,0.025,0.369,0.086,0.024,0.023,0.086,0.047,0.268,0.066,0.155,0.111,0.007,-0.001,-0.001,0.026,0.041,0.01,0.026,0,0.002,0.003,0.001,0.001,0.004,0.002,0.002,0.002,0.001,0.001,0.015,0.005,0.001,0.001,0,0.025,0.002,0.001,0.003,0.002,0.002,0.001,0.009,0.006,0.002,0.002,0.01,0.001,0.003,0.003,0.007,0.011,0,0,0,0.071,0.004,0.004,0.003
H12Professional services,0.118,0.808,0.044,0.475,1.514,2.292,3.319,0.979,2.142,1.382,9.229,8.538,2.823,0.91,0.121,0.033,1.592,0.701,3.543,3.785,0.034,0.153,0.632,5.089,2.103,0.426,0.365,2.071,0.74,1.037,1.024,4.17,1.241,0.2,-0.002,-0.003,0.596,0.861,0.148,0.395,0.004,0.03,0.022,0.018,0.021,0.054,0.037,0.069,0.014,0.022,0.048,0.322,0.073,0.003,0.005,0.008,0.644,0.054,0.026,0.053,0.017,0.075,0.016,0.115,0.129,0.059,0.078,0.139,0.03,0.029,0.089,0.16,0.246,0.003,0,0.001,1.708,0.078,0.079,0.084
H13Business services,0.13,0.59,0.028,0.411,0.788,1.923,2.69,0.663,1.66,0.935,5.122,7.154,3.429,0.4,0.099,0.027,0.532,0.43,3.564,2.079,0.025,0.094,0.174,5.218,1.063,0.334,0.261,1.408,0.585,0.789,0.713,2.898,1.335,0.103,-0.003,-0.004,0.203,0.544,0.106,0.268,0.003,0.016,0.017,0.014,0.011,0.039,0.018,0.042,0.012,0.011,0.021,0.207,0.067,0.003,0.006,0.004,0.22,0.03,0.012,0.029,0.012,0.024,0.009,0.094,0.071,0.031,0.026,0.091,0.014,0.016,0.036,0.092,0.138,0.001,0,0.001,0.586,0.048,0.034,0.034
H14Educational services,0.069,2.557,0.026,0.325,0.44,2.261,1.818,0.413,0.349,0.502,6.54,1.284,3.227,1.398,0.115,0.124,0.27,0.702,1.349,0.654,0.048,0.088,0.15,4.778,0.722,0.293,0.224,0.921,0.224,0.451,0.434,1.068,0.935,0.297,-0.01,-0.019,0.129,0.814,0.072,0.201,0.006,0.026,0.043,0.014,-0.006,0.05,0.019,0.006,0.024,0.006,-0.001,0.119,0.028,0.01,0.021,0.003,0.103,0.038,-0.001,0.033,0.024,-0.002,0.013,0.066,0.05,0.014,-0.001,0.076,-0.002,0.027,0.014,0.052,0.039,0.001,0,0.001,0.339,0.07,0.021,0.012
H15Health services,0.305,0.762,0.447,0.412,0.648,1.254,5.136,0.989,0.86,0.682,7.054,3.511,2.572,0.588,4.055,0.051,2.122,1.105,2.469,2.074,0.056,0.114,1.276,5.567,0.923,0.276,0.316,1.262,0.425,0.808,0.667,1.963,1.397,0.127,-0.001,-0.001,0.291,0.914,0.117,0.27,0.018,0.018,0.115,0.016,0.011,0.033,0.026,0.07,0.01,0.014,0.041,0.15,0.088,0.002,0.157,0.005,0.322,0.058,0.021,0.039,0.062,0.041,0.11,0.103,0.064,0.036,0.046,0.13,0.023,0.017,0.059,0.081,0.191,0.002,0.085,0.001,0.845,0.078,0.05,0.052
H16Arts and entertainment,0.101,0.284,0.019,0.085,0.134,0.407,1.637,0.132,0.133,0.228,1.449,0.749,1.018,0.027,0.021,1.015,0.084,0.204,0.94,0.812,0.031,0.043,0.228,1.33,0.258,0.067,0.093,0.308,0.101,0.202,0.19,0.548,0.309,0.224,-0.007,-0.013,0.049,0.262,0.023,0.074,0.004,0.016,0.025,0.002,-0.005,0.017,0.01,-0.008,0.016,0.002,-0.006,0.072,0.001,0.007,0.014,0.001,0.027,0.011,-0.003,0.019,0.014,-0.008,0.005,0.021,0.021,-0.002,-0.007,0.03,-0.005,0.017,0.002,0.028,-0.006,0,0,0.014,0.122,0.025,0.007,0.002
H17Hotels ,0.079,2.835,0.075,0.209,0.604,1.779,6.049,0.837,0.717,1.636,7.172,4.144,7.514,0.175,0.091,0.188,0.459,0.457,3.267,2.183,0.029,0.089,0.702,4.028,0.869,0.319,0.242,1.036,0.287,1.001,0.6,1.968,2.218,0.093,-0.001,-0.001,0.169,0.558,0.098,0.236,0.004,0.012,0.024,0.01,0.009,0.037,0.015,0.056,0.008,0.01,0.023,0.146,0.128,0.001,0.003,0.004,0.188,0.034,0.014,0.023,0.017,0.024,0.022,0.065,0.055,0.033,0.028,0.104,0.017,0.012,0.037,0.073,0.212,0.002,0,0.003,0.495,0.048,0.033,0.033
H18Eating and drinking,1.56,1.559,2.46,0.444,0.672,0.906,3.736,1.849,0.627,0.666,6.168,2.745,1.96,0.109,0.048,0.528,0.364,0.508,1.959,3.525,0.177,0.137,2.853,7.588,1.188,0.243,0.414,1.96,0.356,0.688,0.711,1.673,1.111,0.075,-0.003,-0.002,0.142,0.673,0.136,0.33,0.121,0.021,0.797,0.018,0.015,0.033,0.034,0.134,0.02,0.015,0.047,0.144,0.085,0.003,0.006,0.004,0.163,0.046,0.032,0.051,0.376,0.025,0.784,0.105,0.068,0.026,0.035,0.228,0.025,0.017,0.051,0.066,0.146,0.002,0,0.006,0.426,0.06,0.051,0.043
H19Other services,0.183,1.005,0.03,0.43,0.741,1.618,4.895,0.986,1.771,1.014,9.363,3.749,3.857,0.459,0.084,0.127,0.468,0.28,2.413,1.447,0.041,0.099,0.983,5.294,1.045,0.31,0.271,1.493,0.523,0.74,0.647,2.195,1.498,0.115,-0.003,-0.005,0.178,0.405,0.104,0.268,0.003,0.016,0.018,0.016,0.008,0.037,0.016,0.059,0.012,0.01,0.018,0.163,0.074,0.003,0.007,0.003,0.191,0.022,0.011,0.027,0.015,0.02,0.009,0.105,0.067,0.028,0.023,0.124,0.013,0.016,0.033,0.077,0.145,0.001,0,0.001,0.517,0.036,0.033,0.031
H20Government,0.165,2.323,0.034,0.247,0.633,0.818,3.568,0.49,0.222,0.295,2.269,2.153,1.803,0.483,0.044,0.012,0.389,0.208,1.764,0.991,0.036,0.186,1.328,3.806,0.273,0.083,1.23,0.431,0.163,0.21,1.477,0.899,0.377,0.039,-0.001,0.005,0.217,0.122,0.094,0.136,0.002,0.009,0.01,0.01,0.009,0.017,0.01,0.033,0.005,0.007,0.014,0.1,0.04,0.001,0.002,0.002,0.163,0.017,0.008,0.016,0.012,0.02,0.008,0.067,0.051,0.017,0.021,0.065,0.01,0.009,0.026,0.049,0.093,0.001,0,0,0.428,0.024,0.024,0.025
O1Agriculture,0.188,0.002,0.087,0.156,0.012,0.029,0.018,0.044,0.041,0.021,0.04,0.024,0.034,-0.007,0.001,0.005,0.067,0.006,0.017,0.009,4.791,0.983,1.398,8.496,1.438,0.426,1.308,2.665,0.914,1.266,3.725,0.68,1.325,0.051,-0.004,-0.003,0.043,0.351,0.45,1.181,0.031,0.013,0.035,0.007,0.002,0.015,0.01,0.055,0.011,0.01,0.004,0.042,0.006,0.004,0.009,0.001,0.062,0.006,0.002,0.018,0.187,0.003,0.027,0.057,0.04,0.006,0.004,0.16,0.01,0.019,0.017,0.028,0.031,0,0,0,0.152,0.018,0.017,0.013
O2Mining and construction,0.009,0.01,0.012,0.133,0.059,0.02,0.03,0.061,0.211,0.019,0.059,0.185,0.093,0.003,0.001,0.001,0.181,0.02,0.023,0.019,0.079,0.402,0.064,8.853,1.418,0.736,1.19,5.458,5.292,1.447,4.979,7.583,2.515,0.077,0,0.006,0.067,0.822,0.711,1.046,0.001,0.006,0.005,0.011,0.005,0.016,0.008,0.042,0.006,0.011,0.013,0.085,0.026,0,0.001,0.002,0.131,0.021,0.008,0.013,0.005,0.016,0.005,0.087,0.062,0.018,0.017,0.097,0.047,0.011,0.025,0.095,0.084,0.001,0,0,0.268,0.035,0.022,0.023
O3Food processing,4.783,0.059,0.839,0.205,0.107,0.047,0.154,0.196,0.052,0.048,0.357,0.131,0.244,0.006,0.003,0.002,0.302,0.047,0.183,0.105,1.958,1.686,3.321,12.593,4.211,0.989,4.294,7.79,2.161,1.158,4.278,2.327,6.575,0.139,-0.001,0.017,0.145,1.731,1.087,2.002,0.087,0.018,0.192,0.012,0.011,0.025,0.024,0.074,0.01,0.018,0.034,0.074,0.089,0.001,0.003,0.005,0.297,0.047,0.019,0.033,0.545,0.042,0.253,0.088,0.07,0.033,0.047,0.169,0.04,0.021,0.07,0.071,0.261,0.002,0,0.001,0.688,0.08,0.054,0.054
O4Other manufacturing,0.019,0.005,0.012,0.113,0.032,0.01,0.014,0.03,0.008,0.009,0.022,0.039,0.051,0.001,0.001,0.001,0.128,0.017,0.012,0.008,0.146,0.317,0.302,5.997,1.053,0.537,2.032,2.519,0.974,0.751,1.741,0.983,2.451,0.141,0,0.006,0.051,0.653,0.592,1.454,0.001,0.005,0.004,0.008,0.004,0.01,0.006,0.023,0.002,0.007,0.009,0.026,0.024,0,0,0.002,0.113,0.016,0.005,0.009,0.006,0.014,0.005,0.085,0.082,0.013,0.014,0.055,0.015,0.007,0.018,0.026,0.08,0.001,0,0,0.231,0.028,0.017,0.021
O5Transportation,0.022,0.006,0.022,0.143,0.049,0.015,0.018,0.027,0.01,0.013,0.029,0.063,0.098,0.001,0.001,0.001,0.131,0.026,0.015,0.011,0.03,1.309,0.236,7.549,6.505,0.746,0.763,2.272,0.403,1.295,2.607,1.665,5.235,0.284,0,0.004,0.046,1.818,0.686,6.79,0.002,0.005,0.01,0.024,0.011,0.015,0.006,0.02,0.003,0.009,0.011,0.041,0.077,0,0.017,0.002,0.071,0.029,0.007,0.011,0.011,0.012,0.012,0.178,0.081,0.015,0.013,0.048,0.014,0.009,0.019,0.037,0.104,0.001,0,0,0.149,0.059,0.019,0.02
O6Information,0.014,0.006,0.01,0.032,0.008,0.048,0.018,0.02,0.01,0.016,0.029,0.089,0.055,0.001,0.002,0.001,0.177,0.022,0.013,0.01,0.017,0.494,0.162,1.358,1.178,4.436,0.934,1.748,1.091,1.386,4.179,2.733,2.729,0.42,0,0.046,0.082,1.053,0.914,1.592,0.002,0.008,0.008,0.003,0.003,0.071,0.01,0.015,0.004,0.013,0.015,0.066,0.028,0.001,0.001,0.004,0.179,0.026,0.008,0.014,0.006,0.017,0.006,0.018,0.021,0.049,0.019,0.037,0.016,0.013,0.024,0.053,0.088,0.001,0,0,0.365,0.044,0.021,0.02
O7Utilities,0.021,0.015,0.03,0.591,0.031,0.021,0.042,0.037,0.028,0.024,0.062,0.098,0.086,0.003,0.001,0.001,0.383,0.022,0.032,0.019,0.064,5.438,0.154,36.275,1.221,0.506,1.108,2.12,1.555,1.6,2.204,2.429,2.815,1.059,0,0.004,0.173,0.891,0.411,1.83,0.002,0.014,0.008,0.049,0.005,0.016,0.019,0.022,0.005,0.018,0.023,0.063,0.036,0.001,0.001,0.004,0.386,0.023,0.012,0.024,0.011,0.038,0.009,0.411,0.061,0.026,0.042,0.062,0.033,0.02,0.047,0.063,0.146,0.002,0,0.001,0.782,0.042,0.047,0.045
O8Wholesale trade,0.018,0.012,0.025,0.119,0.015,0.034,0.031,0.047,0.016,0.024,0.048,0.117,0.138,0.002,0.002,0.001,0.31,0.031,0.024,0.016,0.046,0.779,0.146,4.739,0.802,2.32,2.01,4.416,1.742,2.026,7.383,3.322,8.023,0.243,0,0.002,0.142,1.436,1.383,2.837,0.002,0.013,0.01,0.026,0.005,0.039,0.017,0.037,0.006,0.019,0.024,0.075,0.07,0,0.001,0.005,0.316,0.036,0.013,0.022,0.009,0.033,0.011,0.092,0.045,0.043,0.037,0.087,0.031,0.02,0.045,0.076,0.218,0.002,0,0.001,0.657,0.062,0.039,0.039
O9Retail trade,0.006,0.006,0.007,0.047,0.007,0.014,0.015,0.009,0.009,0.015,0.023,0.053,0.06,0.001,0.001,0.001,0.169,0.011,0.011,0.008,0.021,0.73,0.05,2.441,0.378,0.963,1.972,0.592,1.015,1.434,13.044,1.494,3.533,0.104,0,0.001,0.168,0.518,0.778,1.937,0.001,0.005,0.004,0.007,0.002,0.013,0.006,0.006,0.002,0.01,0.009,0.027,0.029,0,0,0.002,0.12,0.013,0.005,0.008,0.004,0.013,0.004,0.03,0.022,0.017,0.015,0.016,0.014,0.011,0.018,0.035,0.096,0.001,0,0,0.264,0.022,0.015,0.016
O10Finance and insurance,0.012,0.015,0.018,0.053,0.015,0.04,0.038,0.014,0.013,0.122,0.059,0.189,0.098,0.004,0.002,0.001,0.422,0.038,0.027,0.02,0.023,1.099,0.057,2.227,0.858,3.379,1.156,0.675,0.465,17.56,9.189,5.668,4.221,0.453,0,0.002,0.204,1.755,1.692,3.125,0.002,0.014,0.01,0.021,0.005,0.039,0.018,0.011,0.004,0.082,0.026,0.091,0.047,0.001,0.001,0.005,0.362,0.043,0.014,0.024,0.008,0.043,0.01,0.052,0.078,0.05,0.045,0.029,0.021,0.082,0.055,0.113,0.175,0.002,0,0.001,0.874,0.075,0.045,0.049
O11Real estate and rentals,0.004,0.003,0.003,0.023,0.007,0.007,0.007,0.005,0.008,0.019,0.012,0.039,0.03,0.001,0,0,0.07,0.005,0.006,0.004,0.074,1.787,0.044,1.751,0.268,0.433,1.016,0.391,0.689,2.857,6.104,1.301,1.892,0.047,0,0.001,0.032,0.196,3.386,0.372,0,0.003,0.002,0.003,0.001,0.006,0.004,0.004,0.002,0.013,0.005,0.02,0.025,0,0,0.001,0.068,0.006,0.003,0.005,0.002,0.007,0.002,0.027,0.027,0.008,0.008,0.01,0.009,0.013,0.01,0.023,0.047,0,0,0,0.142,0.01,0.009,0.01
O12Professional services,0.008,0.01,0.007,0.046,0.012,0.02,0.026,0.014,0.012,0.015,0.04,0.152,0.053,0.002,0.001,0.001,0.302,0.014,0.018,0.014,0.032,0.531,0.087,1.932,1.441,1.189,1.129,0.893,1.255,1.016,9.844,5.038,1.797,0.206,0,0.001,0.14,0.595,0.774,1.245,0.001,0.012,0.004,0.003,0.004,0.022,0.015,0.011,0.004,0.013,0.02,0.082,0.027,0,0.001,0.004,0.311,0.016,0.01,0.019,0.004,0.029,0.004,0.025,0.046,0.024,0.03,0.026,0.02,0.013,0.035,0.087,0.1,0.001,0,0,0.627,0.028,0.029,0.032
O13Business services,0.006,0.004,0.006,0.043,0.011,0.014,0.012,0.011,0.009,0.01,0.019,0.055,0.051,0.001,0.001,0.001,0.121,0.011,0.009,0.007,0.03,0.243,0.025,1.964,0.856,0.939,0.95,0.918,1.39,0.863,2.97,1.577,3.052,0.147,0,0,0.057,0.494,0.429,1.183,0.001,0.005,0.004,0.012,0.002,0.016,0.007,0.008,0.003,0.008,0.009,0.038,0.025,0,0.001,0.002,0.122,0.012,0.005,0.009,0.004,0.013,0.003,0.069,0.058,0.015,0.014,0.023,0.017,0.008,0.018,0.034,0.081,0.001,0,0,0.25,0.022,0.016,0.018
O14Educational services,0.013,0.004,0.013,0.068,0.008,0.024,0.013,0.015,0.015,0.012,0.024,0.057,0.064,-0.001,0.001,0.002,0.099,0.031,0.011,0.008,0.028,4.053,0.051,2.94,0.861,2.006,1.666,1.15,0.516,0.877,11.255,1.732,3.816,0.687,-0.001,0.004,0.046,1.548,0.677,0.754,0.002,0.007,0.01,0.004,0.002,0.028,0.007,0.008,0.004,0.007,0.008,0.043,0.03,0.001,0.002,0.002,0.096,0.034,0.005,0.011,0.008,0.01,0.008,0.033,0.021,0.021,0.011,0.027,0.01,0.009,0.017,0.036,0.087,0.001,0,0,0.203,0.061,0.015,0.013
O15Health services,0.045,0.01,0.074,0.067,0.013,0.019,0.03,0.026,0.013,0.016,0.046,0.108,0.117,0.002,0.069,0.001,0.236,0.029,0.022,0.015,0.078,0.705,0.388,3.509,1.077,1.011,2.721,1.947,1.216,1.182,9.949,2.903,6.075,0.327,0.268,0.002,0.118,1.303,0.791,2.381,0.004,0.009,0.022,0.005,0.004,0.02,0.014,0.02,0.005,0.012,0.023,0.058,0.063,0.001,0.09,0.003,0.212,0.033,0.011,0.02,0.019,0.026,0.026,0.06,0.073,0.025,0.03,0.046,0.024,0.013,0.039,0.066,0.172,0.002,0.066,0,0.487,0.055,0.031,0.035
O16Arts and entertainment,0.055,0.005,0.031,0.07,0.01,0.028,0.019,0.022,0.014,0.019,0.036,0.124,0.074,-0.001,0.001,0.002,0.123,0.039,0.016,0.012,0.586,1.461,0.587,3.317,1.283,1.495,4.403,1.597,0.534,1.382,10.143,3.886,4.234,0.65,-0.002,0.563,0.058,1.989,1.722,5.174,0.003,0.009,0.017,0.006,0.002,0.027,0.01,0.011,0.007,0.011,0.011,0.095,0.034,0.002,0.004,0.003,0.119,0.045,0.006,0.015,0.02,0.012,0.016,0.093,0.029,0.019,0.014,0.039,0.013,0.015,0.022,0.074,0.1,0.001,0,0,0.254,0.08,0.02,0.018
O17Hotels ,0.021,0.008,0.023,0.063,0.013,0.027,0.022,0.025,0.017,0.03,0.037,0.111,0.151,0.002,0.001,0.001,0.177,0.024,0.018,0.013,0.028,3.666,0.237,3.318,1.209,2.026,5.6,2.128,0.806,3.156,8.062,3.232,10.127,0.139,0,0.01,0.08,1.096,1.113,2.963,0.002,0.008,0.009,0.006,0.003,0.032,0.01,0.019,0.004,0.021,0.016,0.054,0.076,0.001,0.001,0.003,0.176,0.027,0.009,0.015,0.009,0.021,0.01,0.091,0.081,0.032,0.024,0.047,0.021,0.022,0.032,0.069,0.217,0.002,0,0,0.364,0.047,0.029,0.031
O18Eating and drinking,0.407,0.02,0.669,0.11,0.038,0.027,0.062,0.079,0.024,0.026,0.094,0.122,0.161,0.004,0.002,0.001,0.231,0.042,0.048,0.027,0.473,2.488,0.799,8.378,1.367,1.221,6.083,5.224,0.914,1.504,9.023,3.047,3.691,0.132,0,0.033,0.065,1.553,2.312,2.523,0.039,0.01,0.207,0.009,0.006,0.023,0.016,0.048,0.007,0.016,0.023,0.057,0.046,0.001,0.001,0.003,0.181,0.037,0.014,0.022,0.16,0.023,0.255,0.113,0.052,0.024,0.027,0.104,0.024,0.016,0.037,0.063,0.126,0.001,0,0,0.37,0.061,0.033,0.031
O19Other services,0.053,0.008,0.018,0.135,0.015,0.024,0.023,0.025,0.017,0.018,0.04,0.139,0.109,0.002,0.001,0.001,0.17,0.015,0.019,0.014,0.106,1.619,0.985,6.071,1.459,1.896,6.257,1.93,1.509,1.473,13.221,4.256,6.902,0.358,0,0.007,0.078,0.665,1.115,2.432,0.002,0.008,0.007,0.009,0.004,0.028,0.01,0.017,0.005,0.012,0.014,0.063,0.054,0.001,0.001,0.003,0.17,0.016,0.008,0.014,0.01,0.018,0.007,0.068,0.055,0.026,0.021,0.042,0.023,0.014,0.028,0.079,0.156,0.001,0,0,0.349,0.029,0.024,0.025
O20Government,0.003,0.002,0.002,0.016,0.004,0.004,0.004,0.005,0.003,0.002,0.007,0.019,0.013,0,0,0,0.044,0.004,0.003,0.002,0.012,0.635,0.031,0.818,0.203,0.241,0.852,0.441,0.08,0.146,0.607,0.687,0.733,0.094,0,0,0.02,0.16,0.187,0.348,0,0.002,0.001,0.005,0.001,0.004,0.002,0.004,0.001,0.002,0.003,0.011,0.008,0,0,0.001,0.045,0.004,0.002,0.003,0.001,0.004,0.001,0.017,0.008,0.005,0.005,0.009,0.003,0.002,0.006,0.014,0.022,0,0,0,0.092,0.007,0.005,0.005
K1Agriculture,0.11,-0.003,0.029,0.309,-0.004,0.084,0.03,0.045,0.038,0.04,0.071,0.048,0.064,-0.023,0.004,0.014,0.257,0.007,0.025,0.013,0.187,0.204,1.191,20.483,1.804,0.373,0.677,7.152,1.148,2.148,1.265,1.102,1.531,0.122,-0.013,-0.01,0.111,0.44,0.263,0.695,3.561,3.663,1.335,0.135,1.665,1.12,3.589,5.193,1.068,2.893,9.021,2.569,1.701,0.035,0.027,0.053,0.336,0.264,2.434,3.857,0.199,0.006,0.05,0.206,0.135,0.019,0.008,0.284,0.025,0.041,0.034,0.067,0.076,0.001,0,0,0.546,0.043,0.043,0.034
K2Mining and construction,0.023,0.005,0.016,0.238,0.01,0.032,0.025,0.036,0.016,0.016,0.043,0.042,0.109,-0.005,0.002,0.004,0.237,0.012,0.02,0.011,0.035,0.108,0.101,9.887,0.686,0.218,0.365,4.456,1.964,0.607,0.945,1.943,0.838,0.057,-0.004,0.001,0.076,0.336,0.153,0.371,0.045,0.398,0.058,0.06,0.449,0.509,0.724,2.394,2.591,0.713,2.083,3.473,0.869,0.012,0.007,0.034,0.335,0.482,0.901,1.054,0.017,0.014,0.006,0.1,0.071,0.02,0.016,0.129,0.05,0.015,0.026,0.066,0.067,0.001,0,0,0.389,0.042,0.026,0.025
K3Food processing,0.322,0.014,0.054,0.682,0.043,0.127,0.096,0.275,0.171,0.063,0.205,0.535,0.74,-0.017,0.007,0.017,0.485,0.041,0.092,0.059,6.711,0.243,3.826,7.842,1.222,0.249,0.566,4.455,1.306,0.876,1.14,0.985,1.608,0.092,-0.014,-0.01,0.214,0.701,0.19,0.494,14.11,0.978,4.38,0.047,0.879,0.656,2.547,2.697,1.352,0.789,3.901,2.581,5.012,0.031,0.03,0.073,0.818,1.269,2.828,3.485,11.816,0.191,0.169,0.097,0.254,0.052,0.147,0.401,0.1,0.1,0.486,0.128,0.294,0.004,0,0.001,1.147,0.11,0.179,0.223
K4Other manufacturing,2.828,0.197,14.372,0.6,0.872,0.355,0.795,0.683,0.295,0.233,1.054,0.409,1.057,-0.024,0.022,0.046,0.888,0.119,0.522,0.248,0.586,0.203,3.386,8.998,1.303,0.175,0.529,3.459,1.08,0.741,0.818,0.87,1.076,0.135,-0.04,-0.075,0.23,0.587,0.126,0.439,0.617,0.542,3.278,0.093,0.967,0.99,1.313,1.813,0.865,0.49,0.75,1.848,1.817,0.051,0.083,0.049,0.386,0.413,1.49,1.633,0.572,-0.039,0.149,0.086,0.148,-0.013,-0.038,0.254,-0.025,0.101,0.022,0.114,-0.09,0.001,0,0.001,0.783,0.071,0.047,0.015
K5Transportation,0.03,0.001,0.011,0.119,0,0.04,0.019,0.027,0.017,0.019,0.037,0.032,0.039,-0.01,0.002,0.006,0.203,0.007,0.014,0.008,0.044,0.111,0.127,8.295,2.924,0.164,0.278,2.425,0.326,0.693,0.551,0.803,0.87,0.191,-0.006,-0.004,0.06,0.376,0.114,0.412,0.025,2.432,0.125,0.058,1.205,0.969,0.642,0.976,0.224,0.871,1.661,1.872,1.543,0.137,0.023,0.051,0.182,0.611,1.329,13.081,0.028,0.006,0.007,0.129,0.092,0.018,0.007,0.071,0.008,0.018,0.018,0.047,0.064,0.001,0,0,0.3,0.049,0.022,0.02
K6Information,0.065,0.006,0.014,0.252,0.031,0.114,0.052,0.082,0.043,0.047,0.103,0.094,0.158,-0.024,0.006,0.017,0.565,0.058,0.038,0.025,0.065,0.08,0.16,1.977,0.633,0.23,0.165,1.435,0.762,0.804,0.465,1.111,0.452,0.179,-0.014,-0.028,0.135,0.384,0.056,0.183,0.027,0.525,0.143,0.007,0.25,3.846,0.812,0.734,0.901,1.276,3.957,5.241,1.456,0.155,0.03,2.795,0.478,0.759,2.12,1.681,0.042,0.003,0.009,0.016,0.081,0.418,0.005,0.085,0.021,0.044,0.028,0.081,0.026,0.003,0,0.002,0.622,0.077,0.044,0.027
K7Utilities,0.035,0.016,0.042,0.182,0.018,0.061,0.05,0.041,0.027,0.026,0.076,0.089,0.104,-0.006,0.003,0.007,0.622,0.02,0.033,0.021,0.072,0.152,0.161,33.757,0.671,0.242,0.753,1.706,0.757,0.686,0.848,0.907,1.082,0.301,-0.005,-0.007,0.162,0.393,0.229,0.575,0.012,5.052,0.057,0.254,0.201,0.275,0.229,0.461,0.549,0.796,0.51,2.511,0.931,0.252,0.01,0.025,0.732,0.359,0.29,1.467,0.022,0.031,0.009,0.388,0.082,0.022,0.035,0.069,0.027,0.024,0.043,0.059,0.111,0.002,0,0.001,0.842,0.043,0.047,0.043
K8Wholesale trade,0.091,0.027,0.109,3.732,0.081,0.1,0.127,0.122,0.075,0.051,0.204,0.164,0.171,-0.003,0.005,0.01,0.599,0.082,0.115,0.052,0.058,0.106,0.351,5.902,0.605,0.221,0.276,3.019,0.832,0.838,0.676,1.245,1.046,0.309,-0.008,-0.014,0.178,0.474,0.11,0.277,0.041,0.648,0.18,0.034,0.389,3.637,1.26,1.929,0.942,1.385,3.232,5.307,4.218,0.027,0.016,0.145,0.805,0.925,2.762,3.366,0.042,0.034,0.011,0.06,0.102,0.056,0.037,0.128,0.024,0.033,0.053,0.082,0.172,0.002,0,0.001,1.04,0.08,0.052,0.05
K9Retail trade,0.015,0.006,0.008,0.101,0.004,0.026,0.02,0.022,0.011,0.012,0.033,0.042,0.102,-0.003,0.001,0.003,0.222,0.013,0.015,0.009,0.024,0.059,0.085,4.011,0.329,0.14,0.165,1.658,0.642,0.732,0.431,0.803,0.665,0.124,-0.002,-0.004,0.097,0.256,0.072,0.171,0.02,0.837,0.074,0.027,0.23,1.349,1.823,0.399,0.803,1.476,7.737,2.434,1.487,0.018,0.005,0.075,2.171,0.482,1.368,5.904,0.018,0.023,0.005,0.034,0.051,0.033,0.025,0.035,0.023,0.014,0.031,0.047,0.112,0.001,0,0.001,0.571,0.04,0.028,0.029
K10Finance and insurance,0.035,0.018,0.001,0.152,0.006,0.082,0.062,0.028,0.037,0.038,0.099,0.107,0.148,-0.012,0.004,0.01,0.854,0.021,0.04,0.026,0.036,0.074,0.084,1.331,0.327,0.182,0.122,0.584,0.198,3.295,0.496,0.977,0.405,0.112,-0.008,-0.016,0.109,0.259,0.077,0.182,0.013,0.373,0.064,0.005,0.16,1.192,0.358,0.139,0.154,5.396,1.855,4.163,1.161,0.097,0.017,0.054,0.418,0.431,1.122,2.036,0.022,0.009,0.005,0.019,0.067,0.021,0.01,0.034,0.002,0.027,0.021,0.057,0.04,0.001,0,0,0.54,0.046,0.024,0.021
K11Real estate and rentals,0.008,0.001,0.002,0.03,0.001,0.012,0.007,0.008,0.005,0.006,0.013,0.018,0.031,-0.002,0.001,0.002,0.075,0.003,0.005,0.003,0.028,0.029,0.045,1.561,0.248,0.064,0.072,0.812,0.208,0.664,0.207,0.33,0.286,0.02,-0.001,-0.002,0.052,0.092,0.036,0.09,0.05,0.756,0.017,0.011,0.122,0.198,0.34,0.229,0.239,1.043,1.564,0.693,0.44,0.01,0.003,0.022,0.206,0.126,2.306,1.968,0.035,0.019,0.002,0.016,0.032,0.013,0.02,0.021,0.01,0.009,0.023,0.024,0.058,0.001,0,0,0.467,0.015,0.02,0.021
K12Professional services,0.07,0.118,0.046,0.99,0.089,0.153,0.282,0.156,0.072,0.089,0.368,0.321,0.598,0.005,0.008,0.013,3.96,0.119,0.175,0.113,0.057,0.175,0.753,7.426,1.627,0.391,0.45,7.621,1.461,1.043,1.314,3.176,1.388,0.173,-0.004,-0.007,0.338,0.716,0.215,0.526,0.041,1.153,0.136,0.045,0.818,1.756,1.561,1.558,1.716,1.491,4.818,10.488,1.987,0.118,0.009,0.112,1.684,1.335,2.801,3.664,0.039,0.094,0.017,0.084,0.902,0.08,0.085,0.132,0.06,0.039,0.104,0.163,0.278,0.004,0,0.002,1.842,0.113,0.097,0.153
K13Business services,0.031,0.016,0.011,0.175,0.019,0.07,0.054,0.05,0.036,0.029,0.092,0.251,0.102,-0.006,0.004,0.007,0.622,0.045,0.038,0.028,0.039,0.101,0.143,6.195,0.994,0.237,0.283,3.877,1.057,0.72,0.765,1.718,1.025,0.082,-0.005,-0.01,0.136,0.405,0.125,0.324,0.045,0.801,0.082,0.037,0.531,1.191,1.537,0.99,1.26,0.892,4.156,5.786,2.873,0.043,0.011,0.075,0.617,0.711,3.548,2.894,0.028,0.186,0.012,0.072,0.435,0.117,0.189,0.122,0.074,0.067,0.203,0.187,0.516,0.006,0,0.003,4.361,0.086,0.175,0.208
K14Educational services,0.212,0.018,0.007,1.95,0.07,0.464,0.21,0.279,0.174,0.173,0.428,0.663,1.425,-0.078,0.023,0.059,1.685,0.031,0.182,0.109,0.19,0.128,0.271,3.114,0.754,0.103,0.257,1.008,0.493,0.586,0.38,0.661,0.429,0.285,-0.051,-0.101,0.235,0.535,0.016,0.217,0.038,2.082,0.231,0.007,0.155,2.065,0.768,0.206,0.294,0.348,2.803,2.186,1.69,0.213,0.106,0.299,0.205,0.799,0.728,1.031,0.095,-0.079,0.012,0.019,0.091,-0.031,-0.078,0.129,-0.052,0.118,-0.022,0.117,-0.23,0,0,0,0.61,0.116,0.024,-0.022
K15Health services,0.062,0.007,0.019,0.134,0.008,0.031,0.027,0.026,0.016,0.015,0.045,0.058,0.146,-0.003,0.002,0.004,0.267,0.018,0.021,0.013,0.114,0.11,0.944,5.149,0.778,0.211,0.29,3.527,0.827,0.661,0.728,1.446,1.5,0.193,-0.003,-0.004,0.182,0.537,0.124,0.296,0.204,0.915,1.088,0.03,0.394,1.153,2.473,1.303,0.955,0.908,6.478,3.649,3.641,0.578,3.927,0.13,0.904,1.175,1.774,5.001,0.192,0.049,0.056,0.055,0.085,0.045,0.052,0.092,0.035,0.023,0.068,0.087,0.218,0.002,0.014,0.001,1.092,0.087,0.056,0.059
K16Arts and entertainment,0.044,-0.007,-0.006,0.093,-0.017,0.078,0.015,0.031,0.028,0.029,0.046,0.054,0.022,-0.021,0.004,0.012,0.127,0.016,0.012,0.007,0.045,0.038,0.08,0.847,0.225,0.034,0.071,0.386,0.14,0.175,0.138,0.305,0.137,0.182,-0.011,-0.023,0.056,0.165,0.011,0.064,0.026,0.306,0.085,0.004,0.061,0.445,0.769,0.141,0.098,0.188,0.692,1.441,0.589,0.017,0.024,5.913,0.073,0.29,0.604,1.544,0.026,-0.016,0.003,0.007,0.03,-0.005,-0.015,0.03,-0.01,0.027,-0.002,0.029,-0.034,0,0,0,0.169,0.028,0.007,-0.002
K17Hotels ,0.019,0.009,0.01,0.1,0.01,0.025,0.027,0.023,0.012,0.013,0.04,0.062,0.117,-0.001,0.001,0.002,0.311,0.016,0.019,0.012,0.031,0.085,0.189,3.174,0.625,0.229,0.211,4.168,0.416,1.152,0.658,1.2,1.458,0.108,-0.001,-0.002,0.098,0.368,0.115,0.265,0.036,3.128,0.193,0.021,0.312,1.767,4.195,0.966,0.394,2.232,4.766,3.187,3.654,0.025,0.003,0.922,0.473,0.719,2.321,4.633,0.034,0.03,0.012,0.021,0.068,0.042,0.032,0.063,0.021,0.014,0.041,0.062,0.182,0.002,0,0.001,0.654,0.055,0.035,0.037
K18Eating and drinking,0.2,0.019,0.095,0.371,0.027,0.085,0.065,0.08,0.042,0.029,0.11,0.189,0.339,-0.002,0.004,0.006,0.541,0.05,0.053,0.034,0.793,0.102,1.235,5.18,0.642,0.174,0.277,3.253,0.497,0.589,0.606,1.019,0.778,0.072,-0.004,-0.006,0.102,0.44,0.111,0.267,1.484,1.643,8.395,0.034,0.328,1.302,1.616,2.196,0.472,0.882,3.897,4.206,1.413,0.018,0.009,2.636,0.431,0.893,1.568,2.533,1.323,0.038,0.284,0.055,0.093,0.03,0.037,0.15,0.029,0.024,0.082,0.064,0.12,0.001,0,0.001,0.546,0.067,0.05,0.052
K19Other services,0.087,0.011,0.02,0.208,0.013,0.075,0.049,0.164,0.041,0.03,0.085,0.106,0.127,-0.01,0.004,0.009,0.5,0.047,0.036,0.023,0.064,0.107,1.206,6.665,0.934,0.201,0.299,2.255,0.914,0.684,0.659,1.55,0.999,0.138,-0.007,-0.013,0.142,0.34,0.11,0.293,0.04,1.447,0.075,0.045,0.463,2.552,4.104,1.134,1.07,1.109,5.505,7.474,3.961,0.101,0.014,0.605,0.621,0.543,2.069,3.809,0.03,0.027,0.01,0.07,0.121,0.046,0.029,0.084,0.029,0.028,0.043,0.087,0.145,0.002,0,0.001,0.839,0.053,0.043,0.043
K20Government,0.015,0.023,0.008,0.133,0.012,0.043,0.058,0.034,0.016,0.021,0.079,0.106,0.104,-0.001,0.002,0.004,0.806,0.039,0.036,0.024,0.017,0.046,0.078,3.152,0.505,0.094,0.125,1.155,0.217,0.242,0.31,1.053,0.478,0.098,-0.002,-0.003,0.096,0.189,0.051,0.136,0.028,2.78,0.04,0.021,0.343,1.014,2.519,0.587,0.197,0.316,1.314,4.465,1.614,0.082,0.004,0.048,0.467,0.359,1.337,2.245,0.011,0.023,0.004,0.036,0.069,0.023,0.024,0.042,0.012,0.012,0.029,0.05,0.089,0.001,0,0,0.558,0.03,0.027,0.029
M1Agriculture,0.024,0,0.012,0.168,0.011,0.023,0.012,0.057,0.011,0.011,0.025,0.034,0.028,-0.005,0.001,0.003,0.068,0.002,0.011,0.006,0.026,0.048,0.177,5.459,0.519,0.089,0.165,1.373,0.281,0.572,0.297,0.306,0.391,0.026,-0.003,-0.002,0.031,0.111,0.063,0.172,0.004,0.009,0.021,0.008,0.002,0.012,0.007,0.039,0.008,0.003,0.001,0.045,0.004,0.003,0.006,0.001,0.051,0.004,0.001,0.013,11.775,1.407,0.082,0.178,1.238,0.23,0.982,1.817,0.595,0.436,3.67,0.371,0.937,0.02,0,0.002,0.147,0.073,1.009,1.469
M2Mining and construction,0.013,0.007,0.009,0.18,0.017,0.029,0.029,0.071,0.033,0.014,0.055,0.207,0.262,0.001,0.001,0.002,0.159,0.018,0.027,0.019,0.021,0.073,0.06,8.239,0.565,0.144,0.264,1.76,1.653,0.49,0.659,1.625,0.624,0.034,-0.001,0.002,0.054,0.239,0.104,0.257,0.002,0.009,0.01,0.009,0.004,0.017,0.01,0.058,0.013,0.007,0.014,0.154,0.017,0.002,0.003,0.002,0.123,0.025,0.008,0.018,0.193,0.389,0.022,0.232,0.989,0.476,0.501,2.253,4.905,0.304,1.494,2.443,1.467,0.022,0,0.003,0.323,0.32,1.242,0.677
M3Food processing,1.376,0.019,0.092,0.186,0.034,0.051,0.064,0.092,0.037,0.03,0.146,0.107,0.376,-0.005,0.003,0.006,0.294,0.027,0.072,0.043,2.664,0.109,0.69,8.698,0.7,0.145,0.321,2.059,0.744,0.51,0.599,0.617,1.024,0.041,-0.005,0.007,0.102,0.369,0.112,0.293,0.382,0.034,0.141,0.011,0.012,0.027,0.034,0.062,0.02,0.02,0.048,0.112,0.041,0.005,0.01,0.004,0.228,0.04,0.018,0.046,32.073,0.763,1.129,0.179,1.504,0.397,1.653,1.788,1.422,0.284,2.217,0.824,5.044,0.055,0,0.004,0.628,0.593,2.444,1.669
M4Other manufacturing,0.08,0.004,0.066,0.286,0.019,0.07,0.042,0.099,0.043,0.033,0.083,0.1,0.281,-0.014,0.004,0.011,0.302,0.022,0.036,0.021,0.085,0.104,0.446,8.69,1.139,0.183,0.322,3.286,0.977,0.568,0.638,0.669,1.077,0.055,-0.009,-0.017,0.115,0.357,0.118,0.338,0.021,0.03,0.124,0.013,0.005,0.034,0.026,0.057,0.025,0.01,0.009,0.124,0.012,0.01,0.019,0.004,0.235,0.025,0.005,0.042,1.344,0.758,0.843,0.288,2.639,0.737,1.294,2.843,2.434,0.334,1.276,0.874,3.327,0.105,0,0.006,0.668,0.487,2.952,1.667
M5Transportation,0.019,0.006,0.014,0.223,0.065,0.03,0.023,0.051,0.015,0.013,0.044,0.105,0.193,-0.001,0.002,0.003,0.125,0.028,0.022,0.016,0.028,0.094,0.103,9.184,2.711,0.147,0.267,1.449,0.306,0.639,0.471,0.725,1.019,0.056,-0.002,-0.001,0.044,0.384,0.107,0.379,0.003,0.01,0.018,0.013,0.009,0.018,0.009,0.028,0.008,0.006,0.009,0.095,0.025,0.002,0.005,0.002,0.095,0.043,0.005,0.016,0.069,2.26,0.058,0.332,2.903,0.628,0.509,1.119,0.498,0.396,1.143,1.109,4.073,0.163,0.004,0.005,0.257,0.544,1.75,8.407
M6Information,0.035,0.009,0.011,0.083,0.008,0.129,0.044,0.046,0.034,0.028,0.084,0.228,0.412,-0.005,0.006,0.008,0.338,0.034,0.039,0.027,0.034,0.074,0.166,2.43,0.723,0.372,0.168,1.322,0.897,1.088,0.541,1.363,1.062,0.079,-0.006,-0.011,0.114,0.423,0.077,0.204,0.006,0.023,0.035,0.003,-0.001,0.089,0.022,0.021,0.023,0.012,0.019,0.202,0.019,0.006,0.012,0.006,0.259,0.054,0.01,0.035,0.081,0.777,0.11,0.069,0.901,6.659,0.985,1.136,2.509,0.81,1.855,2.552,2.993,0.486,0,0.453,0.712,0.825,3.864,2.043
M7Utilities,0.027,0.016,0.03,0.722,0.028,0.033,0.052,0.045,0.024,0.021,0.078,0.12,0.101,0,0.002,0.003,0.487,0.023,0.039,0.023,0.063,0.143,0.161,35.029,0.671,0.243,0.768,1.458,0.755,0.699,0.836,0.895,1.473,0.11,-0.002,0.001,0.152,0.39,0.235,0.585,0.003,0.018,0.015,0.046,0.005,0.019,0.021,0.024,0.009,0.012,0.022,0.099,0.027,0.002,0.004,0.005,0.386,0.027,0.012,0.028,0.051,5.797,0.031,1.301,0.571,0.23,0.228,0.567,1.197,0.398,0.611,1.045,1.39,0.694,0,0.002,1.012,0.317,0.409,1.112
M8Wholesale trade,0.024,0.016,0.014,0.163,0.015,0.059,0.047,0.075,0.025,0.021,0.076,0.198,0.136,-0.001,0.003,0.004,0.519,0.038,0.034,0.024,0.053,0.086,0.133,5.587,0.526,0.218,0.243,2.561,0.809,0.842,0.628,1.253,1.501,0.163,-0.003,-0.005,0.162,0.44,0.106,0.252,0.004,0.022,0.024,0.009,0.005,0.042,0.025,0.059,0.015,0.015,0.03,0.184,0.051,0.003,0.006,0.006,0.406,0.059,0.016,0.036,0.117,0.757,0.088,0.172,1.023,2.418,1.294,2.252,2.123,0.7,2.63,2.27,7.395,0.07,0,0.014,1.086,0.819,3.899,2.645
M9Retail trade,0.01,0.008,0.005,0.088,0.008,0.028,0.025,0.017,0.015,0.011,0.041,0.106,0.189,0,0.001,0.002,0.23,0.017,0.02,0.014,0.012,0.037,0.045,3.077,0.243,0.094,0.11,0.451,0.494,0.554,0.275,0.618,0.563,0.055,-0.001,-0.002,0.07,0.185,0.045,0.109,0.002,0.009,0.01,0.004,0.002,0.018,0.011,0.011,0.006,0.006,0.013,0.088,0.024,0.001,0.002,0.003,0.177,0.024,0.007,0.015,0.046,0.65,0.03,0.099,0.45,1.076,1.371,0.339,1.403,0.536,6.525,1.134,3.606,0.04,0,0.006,0.478,0.343,1.348,2.257
M10Finance and insurance,0.027,0.026,0.012,0.114,0.021,0.1,0.075,0.035,0.03,0.044,0.124,0.444,0.166,0,0.005,0.007,0.872,0.059,0.053,0.041,0.031,0.191,0.09,3.76,0.874,0.606,0.307,0.732,0.479,11.078,1.504,3.112,1.605,0.13,-0.004,-0.007,0.273,0.752,0.254,0.525,0.005,0.036,0.03,0.005,0.008,0.075,0.041,0.018,0.019,0.031,0.05,0.386,0.056,0.005,0.008,0.01,0.683,0.09,0.026,0.058,0.086,1.335,0.074,0.113,1.41,4.26,1.071,0.477,0.974,8.546,6.114,5.383,6.062,0.742,0,0.024,1.819,1.223,4.765,4.679
M11Real estate and rentals,0.008,0.002,0,0.014,0.001,0.006,0.006,0.005,0.003,0.003,0.009,0.016,0.011,-0.001,0,0.001,0.07,0.002,0.004,0.003,0.005,0.009,0.01,0.562,0.1,0.017,0.021,0.054,0.075,0.23,0.057,0.111,0.077,0.005,-0.001,-0.001,0.018,0.03,0.01,0.026,0,0.002,0.003,0.001,0,0.003,0.002,0.002,0.002,0.001,0,0.01,0.001,0.001,0.001,0,0.014,0.003,0,0.002,0.089,0.393,0.003,0.018,0.119,0.11,0.128,0.091,0.201,0.173,0.603,0.169,0.355,0.009,0,0.001,0.11,0.048,1.158,0.417
M12Professional services,0.029,0.017,0.007,0.107,0.013,0.055,0.052,0.036,0.029,0.025,0.085,0.252,0.088,-0.004,0.003,0.006,0.635,0.026,0.035,0.026,0.027,0.068,0.223,3.39,0.912,0.137,0.168,1.055,0.712,0.501,0.465,1.582,0.58,0.046,-0.004,-0.007,0.195,0.321,0.068,0.195,0.004,0.028,0.022,0.006,0.005,0.036,0.031,0.021,0.021,0.017,0.036,0.346,0.025,0.005,0.008,0.006,0.491,0.043,0.019,0.046,0.075,0.629,0.037,0.103,1.256,1.275,0.76,0.841,1.939,0.392,4.014,2.972,1.663,0.205,0,0.008,1.326,0.588,2.187,1.527
M13Business services,0.018,0.021,0.014,0.194,0.027,0.072,0.061,0.051,0.035,0.024,0.105,0.483,0.154,0.004,0.004,0.003,0.58,0.046,0.046,0.037,0.024,0.096,0.09,6.636,1.06,0.272,0.271,1.509,1.303,1.028,0.805,2.914,1.232,0.071,-0.002,-0.002,0.173,0.491,0.12,0.301,0.004,0.025,0.019,0.009,0.01,0.056,0.031,0.043,0.022,0.021,0.052,0.581,0.062,0.002,0.003,0.007,0.448,0.071,0.029,0.049,0.174,1.231,0.057,0.214,1.533,3.243,2.848,1.185,3.7,0.758,4.946,6.265,6.515,0.464,0,0.018,1.179,0.914,3.901,3.58
M14Educational services,0.058,-0.007,-0.002,0.128,-0.02,0.1,0.023,0.041,0.036,0.037,0.063,0.076,0.058,-0.025,0.005,0.016,0.188,0.035,0.018,0.011,0.06,0.063,0.086,3.333,0.544,0.105,0.159,0.696,0.289,0.358,0.285,0.598,0.814,0.087,-0.014,-0.028,0.088,0.456,0.04,0.15,0.009,0.036,0.056,0.002,-0.011,0.053,0.025,-0.015,0.033,0.007,-0.007,0.146,-0.013,0.015,0.029,0.004,0.129,0.053,-0.005,0.043,0.076,3.216,0.055,0.104,0.637,1.567,0.829,0.551,0.427,0.253,5.399,1.043,2.22,0.592,0,0.038,0.433,0.945,1.25,0.867
M15Health services,0.048,0.026,0.064,0.179,0.023,0.052,0.069,0.066,0.026,0.024,0.102,0.255,0.151,0.002,0.035,0.003,0.771,0.071,0.046,0.034,0.061,0.097,0.342,6.435,0.906,0.214,0.278,2.137,0.818,0.897,0.662,1.498,1.244,0.056,-0.001,-0.001,0.228,0.717,0.118,0.286,0.018,0.028,0.101,0.008,0.009,0.043,0.037,0.062,0.017,0.022,0.055,0.346,0.066,0.002,0.046,0.009,0.593,0.111,0.029,0.053,0.499,1.304,0.731,0.199,1.117,1.725,2.598,1.786,2.141,0.657,6.538,2.879,6.018,0.221,2.574,0.024,1.478,1.514,2.231,4.879
M16Arts and entertainment,0.036,0.004,0.014,0.106,0.006,0.053,0.027,0.031,0.02,0.02,0.055,0.182,0.076,-0.007,0.003,0.006,0.219,0.05,0.021,0.016,0.132,0.083,0.178,3.556,0.648,0.131,0.171,0.803,0.309,0.524,0.428,1.158,0.63,0.589,-0.005,-0.009,0.077,0.549,0.064,0.169,0.006,0.02,0.037,0.003,-0.001,0.033,0.018,0.01,0.016,0.008,0.013,0.186,0.02,0.005,0.011,0.004,0.167,0.075,0.007,0.028,0.35,1.542,0.135,0.11,0.826,1.199,3.462,0.646,0.634,0.412,4.933,2.358,4.276,0.068,0,1.122,0.469,1.187,3.766,5.49
M17Hotels ,0.014,0.013,0.014,0.09,0.016,0.042,0.036,0.043,0.016,0.014,0.059,0.22,0.151,0.003,0.002,0.002,0.353,0.035,0.028,0.021,0.017,0.063,0.106,3.522,0.7,0.182,0.159,0.855,0.457,1.285,0.475,1.375,1.183,0.054,0,0,0.106,0.37,0.079,0.194,0.004,0.01,0.019,0.005,0.005,0.03,0.012,0.037,0.007,0.009,0.02,0.117,0.06,0.001,0.001,0.004,0.187,0.051,0.011,0.018,0.092,4.241,0.112,0.118,0.951,2.045,4.407,1.257,1.179,1.192,4.407,2.675,10.39,0.106,0,0.061,0.731,0.728,3.639,3.988
M18Eating and drinking,0.341,0.018,0.376,0.181,0.025,0.037,0.055,0.106,0.022,0.019,0.091,0.18,0.124,0.002,0.002,0.003,0.297,0.044,0.044,0.027,0.37,0.085,0.57,6.375,0.655,0.174,0.259,2.602,0.485,0.644,0.566,1.125,0.97,0.05,-0.001,-0.001,0.093,0.463,0.108,0.257,0.124,0.019,0.568,0.009,0.009,0.028,0.03,0.094,0.015,0.015,0.043,0.089,0.059,0.002,0.003,0.005,0.235,0.067,0.027,0.042,3.782,2.474,5.333,0.192,0.856,1.02,2.745,2.952,1.055,0.5,4.965,1.962,3.338,0.052,0,0.171,0.55,0.855,2.937,1.254
M19Other services,0.031,0.013,0.012,0.19,0.018,0.051,0.042,0.054,0.026,0.019,0.071,0.251,0.128,0,0.003,0.004,0.4,0.024,0.032,0.023,0.029,0.077,0.374,6.8,0.939,0.184,0.238,0.827,0.983,0.715,0.555,1.553,1.244,0.05,-0.002,-0.004,0.124,0.305,0.092,0.248,0.003,0.017,0.015,0.009,0.004,0.034,0.019,0.038,0.012,0.011,0.021,0.12,0.046,0.003,0.005,0.005,0.309,0.037,0.011,0.027,0.213,1.785,0.027,0.221,1.314,1.891,4.091,1.183,2.743,0.602,8.548,3.136,7.129,0.275,0,0.048,0.833,0.388,2.83,3.837
M20government enterprises,0.006,0.006,0.003,0.06,0.008,0.017,0.017,0.018,0.007,0.007,0.028,0.093,0.044,0,0.001,0.001,0.186,0.009,0.012,0.009,0.008,0.024,0.024,2.069,0.335,0.053,0.071,0.314,0.126,0.149,0.165,0.664,0.379,0.021,-0.001,-0.002,0.057,0.11,0.028,0.077,0.001,0.008,0.006,0.003,0.003,0.012,0.009,0.013,0.005,0.005,0.011,0.084,0.015,0.001,0.002,0.002,0.146,0.015,0.006,0.013,0.093,2.356,0.012,0.071,0.612,0.506,1.604,0.469,0.257,0.101,1.052,1.159,1.874,0.144,0,0.003,0.389,0.194,1.021,1.192
